

<?xml version="1.0" encoding="UTF-8"?>

<exch:BatchHandlingServiceRequest xmlns:exch="http://rrvhtorresp.dsh.cms.gov/exchange/1.0">

<hix-core:BatchMetadata xmlns:hix-core="http://hix.cms.gov/0.1/hix-core">

              <hix-core:BatchID>2021-09-16T19:26:39Z</hix-core:BatchID>

              <hix-core:BatchPartnerID>ME*.SBE.001.001</hix-core:BatchPartnerID>

              <hix-core:BatchAttachmentTotalQuantity>1</hix-core:BatchAttachmentTotalQuantity>

              <ext:BatchCategoryCode xmlns:ext="http://rrvhtorresp.dsh.cms.gov/extension/1.0">MEDICARE_RRV_RESP</ext:BatchCategoryCode>

              <hix-core:BatchTransmissionQuantity>1</hix-core:BatchTransmissionQuantity>

</hix-core:BatchMetadata>

<hix-core:TransmissionMetadata xmlns:hix-core="http://hix.cms.gov/0.1/hix-core">

              <hix-core:TransmissionAttachmentQuantity>1</hix-core:TransmissionAttachmentQuantity>

              <hix-core:TransmissionSequenceID>1</hix-core:TransmissionSequenceID>

</hix-core:TransmissionMetadata>

<ext:ServiceSpecificData xmlns:ext="http://rrvhtorresp.dsh.cms.gov/extension/1.0">

              <hix-core:ResponseMetadata xmlns:hix-core="http://hix.cms.gov/0.1/hix-core">

                            <hix-core:ResponseDescriptionText>Success</hix-core:ResponseDescriptionText>

                            <hix-core:ResponseCode>HS000000</hix-core:ResponseCode>

              </hix-core:ResponseMetadata>

</ext:ServiceSpecificData>

<ext:Attachment xmlns:ext="http://rrvhtorresp.dsh.cms.gov/extension/1.0">

              <hix-core:DocumentBinary xmlns:hix-core="http://hix.cms.gov/0.1/hix-core">

                            <hix-core:ChecksumAugmentation>

                            <ext:SHA256HashValueText>d537ba002aefd3b0e8cc14b900cda80223c001358a5576d2c2484227b681f71e</ext:SHA256HashValueText>

                            </hix-core:ChecksumAugmentation>

                            <hix-core:BinarySizeValue>9122</hix-core:BinarySizeValue>

              </hix-core:DocumentBinary>

              <niem-core:DocumentFileName xmlns:niem-core="http://niem.gov/niem/niem-core/2.0">MDCR_Response_00001_20210916T195000012Z.xml</niem-core:DocumentFileName>

              <niem-core:DocumentSequenceID xmlns:niem-core="http://niem.gov/niem/niem-core/2.0">00001</niem-core:DocumentSequenceID>

</ext:Attachment>

</exch:BatchHandlingServiceRequest>