<?xml version="1.0" encoding="UTF-8"?>
<exch:BatchHandlingServiceRequest xmlns:exch="http://rrvhtorresp.dsh.cms.gov/exchange/1.0">
	<hix-core:BatchMetadata xmlns:hix-core="http://hix.cms.gov/0.1/hix-core">
		<hix-core:BatchID>2021-09-17T23:41:17Z</hix-core:BatchID>
		<hix-core:BatchPartnerID>02.ME*.SBE.001.001</hix-core:BatchPartnerID>
			<hix-core:BatchAttachmentTotalQuantity>1</hix-core:BatchAttachmentTotalQuantity>
			<ext:BatchCategoryCode xmlns:ext="http://rrvhtorresp.dsh.cms.gov/extension/1.0">MEDICARE_RRV_RESP</ext:BatchCategoryCode>
		<hix-core:BatchTransmissionQuantity>1</hix-core:BatchTransmissionQuantity>
	</hix-core:BatchMetadata>
	<hix-core:TransmissionMetadata xmlns:hix-core="http://hix.cms.gov/0.1/hix-core">
			<hix-core:TransmissionAttachmentQuantity>1</hix-core:TransmissionAttachmentQuantity>
		<hix-core:TransmissionSequenceID>1</hix-core:TransmissionSequenceID>
	</hix-core:TransmissionMetadata>
		<ext:ServiceSpecificData xmlns:ext="http://rrvhtorresp.dsh.cms.gov/extension/1.0">
			<hix-core:ResponseMetadata xmlns:hix-core="http://hix.cms.gov/0.1/hix-core">
				<hix-core:ResponseDescriptionText>Success</hix-core:ResponseDescriptionText>
				<hix-core:ResponseCode>HS000000</hix-core:ResponseCode>
			</hix-core:ResponseMetadata>
		</ext:ServiceSpecificData>
		<ext:Attachment xmlns:ext="http://rrvhtorresp.dsh.cms.gov/extension/1.0">
			<hix-core:DocumentBinary xmlns:hix-core="http://hix.cms.gov/0.1/hix-core">
				<hix-core:ChecksumAugmentation>
					<ext:SHA256HashValueText>4b0a3c6773afef7bb2aae942fe3cfa2d9def6196386bded452a1f5dd2ef6e012</ext:SHA256HashValueText>
				</hix-core:ChecksumAugmentation>
				<hix-core:BinarySizeValue>4950</hix-core:BinarySizeValue>
			</hix-core:DocumentBinary>
			<niem-core:DocumentFileName xmlns:niem-core="http://niem.gov/niem/niem-core/2.0">MDCR_Response_00001_20210917T202255446Z.xml</niem-core:DocumentFileName>
			<niem-core:DocumentSequenceID xmlns:niem-core="http://niem.gov/niem/niem-core/2.0">00001</niem-core:DocumentSequenceID>
		</ext:Attachment>
</exch:BatchHandlingServiceRequest>
