<?xml version="1.0" encoding="UTF-8"?>
<EESDSHBatchResponseData xmlns:xsi="http://www.w3.org/2001/XMLSchema-instance">
<IndividualResponses>
<IndividualResponse>
  <PersonSSNIdentification>011789802</PersonSSNIdentification>
  <Insurance>
    <InsuranceEffectiveDate>2019-01-01</InsuranceEffectiveDate>
  </Insurance>
  <OrganizationResponseCode>0000</OrganizationResponseCode>
  <OrganizationResponseCodeText>Business Transaction Successful</OrganizationResponseCodeText>
</IndividualResponse>
<IndividualResponse>
  <PersonSSNIdentification>415094007</PersonSSNIdentification>
  <OrganizationResponseCode>7304</OrganizationResponseCode>
  <OrganizationResponseCodeText>SSN does not match what is on file</OrganizationResponseCodeText>
</IndividualResponse>
<IndividualResponse>
  <PersonSSNIdentification>153842503</PersonSSNIdentification>
  <OrganizationResponseCode>7304</OrganizationResponseCode>
  <OrganizationResponseCodeText>SSN does not match what is on file</OrganizationResponseCodeText>
</IndividualResponse>
<IndividualResponse>
  <PersonSSNIdentification>068745108</PersonSSNIdentification>
  <OrganizationResponseCode>7312</OrganizationResponseCode>
  <OrganizationResponseCodeText>First Name does not match what is on file</OrganizationResponseCodeText>
</IndividualResponse>
<IndividualResponse>
  <PersonSSNIdentification>007643003</PersonSSNIdentification>
  <Insurance>
    <InsuranceEffectiveDate>2021-12-01</InsuranceEffectiveDate>
    <InsuranceEndDate>2021-12-31</InsuranceEndDate>
  </Insurance>
  <OrganizationResponseCode>0000</OrganizationResponseCode>
  <OrganizationResponseCodeText>Business Transaction Successful</OrganizationResponseCodeText>
</IndividualResponse>
<IndividualResponse>
  <PersonSSNIdentification>272132305</PersonSSNIdentification>
  <OrganizationResponseCode>7000</OrganizationResponseCode>
  <OrganizationResponseCodeText>Gender does not match what is on file</OrganizationResponseCodeText>
</IndividualResponse>
<IndividualResponse>
  <PersonSSNIdentification>010280307</PersonSSNIdentification>
  <OrganizationResponseCode>7312</OrganizationResponseCode>
  <OrganizationResponseCodeText>First Name does not match what is on file</OrganizationResponseCodeText>
</IndividualResponse>
<IndividualResponse>
  <PersonSSNIdentification>003748403</PersonSSNIdentification>
  <OrganizationResponseCode>7000</OrganizationResponseCode>
  <OrganizationResponseCodeText>Gender does not match what is on file</OrganizationResponseCodeText>
</IndividualResponse>
<IndividualResponse>
  <PersonSSNIdentification>396528005</PersonSSNIdentification>
  <OrganizationResponseCode>7304</OrganizationResponseCode>
  <OrganizationResponseCodeText>SSN does not match what is on file</OrganizationResponseCodeText>
</IndividualResponse>
<IndividualResponse>
  <PersonSSNIdentification>010668703</PersonSSNIdentification>
  <OrganizationResponseCode>7312</OrganizationResponseCode>
  <OrganizationResponseCodeText>First Name does not match what is on file</OrganizationResponseCodeText>
</IndividualResponse>
<IndividualResponse>
  <PersonSSNIdentification>367182506</PersonSSNIdentification>
  <OrganizationResponseCode>7304</OrganizationResponseCode>
  <OrganizationResponseCodeText>SSN does not match what is on file</OrganizationResponseCodeText>
</IndividualResponse>
<IndividualResponse>
  <PersonSSNIdentification>018406808</PersonSSNIdentification>
  <OrganizationResponseCode>7304</OrganizationResponseCode>
  <OrganizationResponseCodeText>SSN does not match what is on file</OrganizationResponseCodeText>
</IndividualResponse>
<IndividualResponse>
  <PersonSSNIdentification>078668805</PersonSSNIdentification>
  <OrganizationResponseCode>7312</OrganizationResponseCode>
  <OrganizationResponseCodeText>First Name does not match what is on file</OrganizationResponseCodeText>
</IndividualResponse>
<IndividualResponse>
  <PersonSSNIdentification>321948606</PersonSSNIdentification>
  <OrganizationResponseCode>7304</OrganizationResponseCode>
  <OrganizationResponseCodeText>SSN does not match what is on file</OrganizationResponseCodeText>
</IndividualResponse>
<IndividualResponse>
  <PersonSSNIdentification>004608407</PersonSSNIdentification>
  <OrganizationResponseCode>7304</OrganizationResponseCode>
  <OrganizationResponseCodeText>SSN does not match what is on file</OrganizationResponseCodeText>
</IndividualResponse>
<IndividualResponse>
  <PersonSSNIdentification>220164605</PersonSSNIdentification>
  <OrganizationResponseCode>7000</OrganizationResponseCode>
  <OrganizationResponseCodeText>Gender does not match what is on file</OrganizationResponseCodeText>
</IndividualResponse>
<IndividualResponse>
  <PersonSSNIdentification>295682407</PersonSSNIdentification>
  <OrganizationResponseCode>7000</OrganizationResponseCode>
  <OrganizationResponseCodeText>Gender does not match what is on file</OrganizationResponseCodeText>
</IndividualResponse>
</IndividualResponses>
</EESDSHBatchResponseData>