{
    "$schema": "http://json-schema.org/draft-04/schema#",
    "id": "./FARS-Response-schema.json",
    "title": "FARS (Fraud Archive Reporting Service) (RJ140) - Response Schema",
    "description": "Response Schema for Fraud Archive Reporting Service (FARS)",
    "type": "object",
    "$comment": "Define root as farsResponse",
    "required": ["farsResponse"],
    "additionalProperties": false,
    "properties": {
        "farsResponse": {
            "description": "Container for a proofing response.",
            "type": "object",
            "required": ["responseMetadata"],
            "additionalProperties": false,
            "properties": {
                "idProofedResponse": {
                    "description": "Container to hold Applicant information and Address Response if and only if an Applicant has been proofed.",
                    "type": "object",
                    "required": ["finalDecisionCode"],
                    "additionalProperties": false,
                    "properties": {
                        "finalDecisionCode": {
                            "description": "Enumerated values for Verification Decision Codes: ACC - Accept [verified]; RF1 - Blocked or frozen credit file; RF2 - Not enough questions could be generated or questions were answered incorrectly; RF3 - Use Limit Violation / Prompt to Experian Call Center; RF4 - Individual has been found to be deceased per Experian records.",
                            "type": "string",
                            "enum": [
                                "ACC",
                                "RF1",
                                "RF2",
								"RF3",
                                "RF4"
                            ]
                        },
                        "idProofedIndividual": {"$ref": "#/definitions/idProofedIndividualType"}
                    }
                },
                "responseMetadata": {"$ref": "#/definitions/responseMetadataType"}
            }
        }
    },
    "definitions": {
        "idProofedIndividualType": {
            "description": "Container for applicant information available when an Applicant has been proofed.",
            "type": "object",
            "required": [
                "person",
                "address"
            ],
            "additionalProperties": false,
            "properties": {
                "person": {"$ref": "#/definitions/personType"},
                "address": {"$ref": "#/definitions/addressType"}
            }
        },
        "personType": {
            "description": "Container for name information about individual being proofed.",
            "type": "object",
            "required": [
                "personGivenName",
                "personSurName"
            ],
            "additionalProperties": false,
            "properties": {
                "personGivenName": {
                    "description": "First name of a person.",
                    "type": "string",
                    "maxLength": 10
                },
                "personMiddleName": {
                    "description": "Middle name of a person.",
                    "type": "string",
                    "maxLength": 1
                },
                "personSurName": {
                    "description": "A last name or family name of a person.",
                    "type": "string",
                    "maxLength": 19
                }
            }
        },
        "addressType": {
            "description": "Container for location information about individual being proofed.",
            "$comment": "Note: Some of these address properties may not always be sent by Experian. Have to clarify but following XSD for now.",
            "type": "object",
            "required": [
                "streetName",
                "cityName",
                "usStateCode",
                "zipCode",
                "zipCodeExtension"
            ],
            "additionalProperties": false,
            "properties": {
                "streetName": {
                    "description": "A road, thoroughfare or highway. Note: No minLength.",
                    "type": "string",
                    "maxLength": 35
                },
                "cityName": {
                    "description": "A name of a city or town. Note: No minLength.",
                    "type": "string",
                    "maxLength": 28
                },
                "usStateCode": {"$ref": "./USStateCode-schema.json#/definitions/usStateCodeType"},
                "zipCode": {
                    "description": "An identifier of a post office-assigned zone for an address.",
                    "type": "string",
                    "pattern": "^\\d{5}$"
                },
                "zipCodeExtension": {
                    "description": "An identifier of a smaller area within a post office-assigned zone for an address.",
                    "type": "string",
                    "pattern": "^\\d{4}$"
                }
            }
        },
        "responseMetadataType": {
            "description": "A set of details about a response (successful or not)",
            "type": "object",
            "required": [
                "responseCode",
                "responseText"
            ],
            "additionalProperties": false,
            "properties": {
                "responseCode": {
                    "description": "A coded response; no length constraint; expecting HE/HS/HX followed by 6 digits but not enforced.",
                    "type": "string"
                },
                "responseText": {
                    "description": "A description of a response",
                    "type": "string"
                },
                "tdsResponseText": {
                    "description": "A description of a response from a data source designated as trusted (a trusted data source or TDS) by the Centers for Medicare and Medicaid Services.",
                    "type": "string"
                }
            }
        }
    }
}