{
    "$schema": "http://json-schema.org/draft-04/schema#",
    "id": "./FARS-Request-schema.json",
    "title": "FARS (Fraud Archive Reporting Service) (RJ140) - Request Schema",
    "description": "Request Schema for Fraud Archive Reporting Service (FARS)",
    "type": "object",
    "$comment": "Define root as farsRequest",
    "required": ["farsRequest"],
    "additionalProperties": false,
    "properties": {
        "farsRequest": {
            "type": "object",
            "required": ["hubReferenceNumber"],
            "additionalProperties": false,
            "properties": {
                "subscriberNumber": {
                    "description": "The subscriber number (Sub Code) of the Requester; exactly 7 digits (e.g., 2239780, 2322970).",
                    "type": "string",
                    "pattern": "^\\d{7}$"
                },
                "hubReferenceNumber": {
                    "description": "A unique number generated by the Data Service Hub to identify a Remote Identity proofing request.",
                    "type": "string",
                    "minLength": 1,
                    "maxLength": 90
                }
            }
        }
    }
}