<?xml version="1.0" encoding="UTF-8"?>
<exch:Response xmlns:hix-core="http://hix.cms.gov/0.1/hix-core"
 xmlns:i="http://niem.gov/niem/appinfo/2.0"
 xmlns:i2="http://niem.gov/niem/appinfo/2.1"
 xmlns:nc="http://niem.gov/niem/niem-core/2.0"
 xmlns:niem-xsd="http://niem.gov/niem/proxy/xsd/2.0"
 xmlns:s="http://niem.gov/niem/structures/2.0"
 xmlns:ext="http://ridp.dsh.cms.gov/extension/1.0"
 xmlns:exch="http://ridp.dsh.cms.gov/exchange/1.0"
 xmlns:usps="http://niem.gov/niem/usps_states/2.0"
 xmlns:xsi="http://www.w3.org/2001/XMLSchema-instance"
 xsi:schemaLocation="http://ridp.dsh.cms.gov/exchange/1.0 ../XMLschemas/constraint/XMLschemas/exchange/ExchangeModel.xsd">
    <hix-core:ResponseMetadata>
        <hix-core:ResponseCode>ResponseCode0</hix-core:ResponseCode>
        <hix-core:ResponseDescriptionText>ResponseDescriptionText0</hix-core:ResponseDescriptionText>
        <hix-core:TDSResponseDescriptionText>TDSResponseDescriptionText0</hix-core:TDSResponseDescriptionText>
    </hix-core:ResponseMetadata>
    <ext:IDProofedResponse>
        <ext:FinalDecisionCode>ACC</ext:FinalDecisionCode>
        <ext:IDProofedIndividual>
            <ext:Person>
                <nc:PersonName>
                    <nc:PersonGivenName>Person0</nc:PersonGivenName>
                    <nc:PersonMiddleName>P</nc:PersonMiddleName>
                    <nc:PersonSurName>PersonSurName0</nc:PersonSurName>
                </nc:PersonName>
            </ext:Person>
            <ext:Address>
                <nc:StructuredAddress>
                    <nc:LocationStreet>
                        <nc:StreetName>StreetName0</nc:StreetName>
                    </nc:LocationStreet>
                    <nc:LocationCityName>LocationCityName0</nc:LocationCityName>
                    <nc:LocationStateUSPostalServiceCode>AK</nc:LocationStateUSPostalServiceCode>
                    <nc:LocationPostalCode>20817</nc:LocationPostalCode>
                    <nc:LocationPostalExtensionCode>9987</nc:LocationPostalExtensionCode>
                </nc:StructuredAddress>
            </ext:Address>
        </ext:IDProofedIndividual>
    </ext:IDProofedResponse>
</exch:Response>
