<?xml version="1.0" encoding="UTF-8"?>
<exch:BatchHandlingServiceRequest xmlns:exch="http://rrvreq.dsh.cms.gov/exchange/1.0" xmlns:ext="http://rrvreq.dsh.cms.gov/extension/1.0" xmlns:hix-core="http://hix.cms.gov/0.1/hix-core" xmlns:nc="http://niem.gov/niem/niem-core/2.0">
  <hix-core:BatchMetadata>
    <hix-core:BatchID>2022-04-04T18:59:12Z</hix-core:BatchID>
    <hix-core:BatchPartnerID>02.ME*.SBE.001.001</hix-core:BatchPartnerID>
    <hix-core:BatchAttachmentTotalQuantity>1</hix-core:BatchAttachmentTotalQuantity>
    <ext:BatchCategoryCode>RRV_REQ</ext:BatchCategoryCode>
    <hix-core:BatchTransmissionQuantity>1</hix-core:BatchTransmissionQuantity>
  </hix-core:BatchMetadata>
  <hix-core:TransmissionMetadata>
    <hix-core:TransmissionAttachmentQuantity>1</hix-core:TransmissionAttachmentQuantity>
    <hix-core:TransmissionSequenceID>1</hix-core:TransmissionSequenceID>
  </hix-core:TransmissionMetadata>
  <ext:ServiceSpecificData>
    <ext:MedicareFileMetadata>
      <ext:MedicareDocumentAttachmentQuantity>1</ext:MedicareDocumentAttachmentQuantity>
      <ext:Attachment>
        <hix-core:DocumentBinary>
          <hix-core:ChecksumAugmentation>
            <ext:SHA256HashValueText>d537ba002aefd3b0e8cc14b900cda80223c001358a5576d2c2484227b681f71e</ext:SHA256HashValueText>
          </hix-core:ChecksumAugmentation>
          <hix-core:BinarySizeValue>11642</hix-core:BinarySizeValue>
        </hix-core:DocumentBinary>
        <nc:DocumentFileName>MDCR_Request_00001_20220404T185912104Z.xml</nc:DocumentFileName>
        <nc:DocumentSequenceID>00001</nc:DocumentSequenceID>
        <ext:DocumentRecordCount>17</ext:DocumentRecordCount>
      </ext:Attachment>
    </ext:MedicareFileMetadata>
  </ext:ServiceSpecificData>
</exch:BatchHandlingServiceRequest>
