<?xml version="1.0" encoding="UTF-8"?>
<EESDSHBatchRequestData>
  <IndividualRequests>
    <IndividualRequest>
      <Applicant>
        <PersonSSNIdentification>011789802</PersonSSNIdentification>
        <PersonName>
          <PersonGivenName>A</PersonGivenName>
          <PersonMiddleName>GEORGE</PersonMiddleName>
          <PersonSurName>PRESTEDIGITAGITATORS</PersonSurName>
        </PersonName>
        <PersonBirthDate>
          <Date>1944-11-04</Date>
        </PersonBirthDate>
        <PersonSexCode>M</PersonSexCode>
      </Applicant>
      <InsurancePolicy>
        <InsurancePolicyEffectiveDate>2021-01-01</InsurancePolicyEffectiveDate>
        <InsurancePolicyExpirationDate>2021-12-31</InsurancePolicyExpirationDate>
      </InsurancePolicy>
    </IndividualRequest>
    <IndividualRequest>
      <Applicant>
        <PersonSSNIdentification>415094007</PersonSSNIdentification>
        <PersonName>
          <PersonGivenName>JOHN</PersonGivenName>
          <PersonMiddleName>JACOB</PersonMiddleName>
          <PersonSurName>SMITH</PersonSurName>
        </PersonName>
        <PersonBirthDate>
          <Date>1946-07-13</Date>
        </PersonBirthDate>
        <PersonSexCode>M</PersonSexCode>
      </Applicant>
      <InsurancePolicy>
        <InsurancePolicyEffectiveDate>2021-01-01</InsurancePolicyEffectiveDate>
        <InsurancePolicyExpirationDate>2021-12-31</InsurancePolicyExpirationDate>
      </InsurancePolicy>
    </IndividualRequest>
    <IndividualRequest>
      <Applicant>
        <PersonSSNIdentification>153842503</PersonSSNIdentification>
        <PersonName>
          <PersonGivenName>RANDOLPH</PersonGivenName>
          <PersonMiddleName>MICHAEL</PersonMiddleName>
          <PersonSurName>RUDOLPH</PersonSurName>
        </PersonName>
        <PersonBirthDate>
          <Date>1991-10-22</Date>
        </PersonBirthDate>
        <PersonSexCode>M</PersonSexCode>
      </Applicant>
      <InsurancePolicy>
        <InsurancePolicyEffectiveDate>2021-01-01</InsurancePolicyEffectiveDate>
        <InsurancePolicyExpirationDate>2021-12-31</InsurancePolicyExpirationDate>
      </InsurancePolicy>
    </IndividualRequest>
    <IndividualRequest>
      <Applicant>
        <PersonSSNIdentification>068745108</PersonSSNIdentification>
        <PersonName>
          <PersonGivenName>VERONICA</PersonGivenName>
          <PersonSurName>POWERS</PersonSurName>
        </PersonName>
        <PersonBirthDate>
          <Date>1952-06-05</Date>
        </PersonBirthDate>
        <PersonSexCode>M</PersonSexCode>
      </Applicant>
      <InsurancePolicy>
        <InsurancePolicyEffectiveDate>2021-01-01</InsurancePolicyEffectiveDate>
        <InsurancePolicyExpirationDate>2021-12-31</InsurancePolicyExpirationDate>
      </InsurancePolicy>
    </IndividualRequest>
    <IndividualRequest>
      <Applicant>
        <PersonSSNIdentification>007643003</PersonSSNIdentification>
        <PersonName>
          <PersonGivenName>CHARLES</PersonGivenName>
          <PersonMiddleName>F</PersonMiddleName>
          <PersonSurName>DIXON</PersonSurName>
        </PersonName>
        <PersonBirthDate>
          <Date>1947-01-16</Date>
        </PersonBirthDate>
        <PersonSexCode>M</PersonSexCode>
      </Applicant>
      <InsurancePolicy>
        <InsurancePolicyEffectiveDate>2021-01-01</InsurancePolicyEffectiveDate>
        <InsurancePolicyExpirationDate>2021-12-31</InsurancePolicyExpirationDate>
      </InsurancePolicy>
    </IndividualRequest>
    <IndividualRequest>
      <Applicant>
        <PersonSSNIdentification>272132305</PersonSSNIdentification>
        <PersonName>
          <PersonGivenName>MAY</PersonGivenName>
          <PersonSurName>FEATHER</PersonSurName>
        </PersonName>
        <PersonBirthDate>
          <Date>1949-03-02</Date>
        </PersonBirthDate>
        <PersonSexCode>M</PersonSexCode>
      </Applicant>
      <InsurancePolicy>
        <InsurancePolicyEffectiveDate>2021-01-01</InsurancePolicyEffectiveDate>
        <InsurancePolicyExpirationDate>2021-12-31</InsurancePolicyExpirationDate>
      </InsurancePolicy>
    </IndividualRequest>
    <IndividualRequest>
      <Applicant>
        <PersonSSNIdentification>010280307</PersonSSNIdentification>
        <PersonName>
          <PersonGivenName>SUSAN</PersonGivenName>
          <PersonMiddleName>N</PersonMiddleName>
          <PersonSurName>HEDGE</PersonSurName>
        </PersonName>
        <PersonBirthDate>
          <Date>1953-12-30</Date>
        </PersonBirthDate>
        <PersonSexCode>M</PersonSexCode>
      </Applicant>
      <InsurancePolicy>
        <InsurancePolicyEffectiveDate>2021-01-01</InsurancePolicyEffectiveDate>
        <InsurancePolicyExpirationDate>2021-12-31</InsurancePolicyExpirationDate>
      </InsurancePolicy>
    </IndividualRequest>
    <IndividualRequest>
      <Applicant>
        <PersonSSNIdentification>003748403</PersonSSNIdentification>
        <PersonName>
          <PersonGivenName>MARIAN</PersonGivenName>
          <PersonMiddleName>LOVE</PersonMiddleName>
          <PersonSurName>GIANTS</PersonSurName>
        </PersonName>
        <PersonBirthDate>
          <Date>1995-09-24</Date>
        </PersonBirthDate>
        <PersonSexCode>M</PersonSexCode>
      </Applicant>
      <InsurancePolicy>
        <InsurancePolicyEffectiveDate>2021-01-01</InsurancePolicyEffectiveDate>
        <InsurancePolicyExpirationDate>2021-12-31</InsurancePolicyExpirationDate>
      </InsurancePolicy>
    </IndividualRequest>
    <IndividualRequest>
      <Applicant>
        <PersonSSNIdentification>396528005</PersonSSNIdentification>
        <PersonName>
          <PersonGivenName>VINCENT</PersonGivenName>
          <PersonMiddleName>VON</PersonMiddleName>
          <PersonSurName>RUPERT</PersonSurName>
        </PersonName>
        <PersonBirthDate>
          <Date>1951-07-18</Date>
        </PersonBirthDate>
        <PersonSexCode>M</PersonSexCode>
      </Applicant>
      <InsurancePolicy>
        <InsurancePolicyEffectiveDate>2021-01-01</InsurancePolicyEffectiveDate>
        <InsurancePolicyExpirationDate>2021-12-31</InsurancePolicyExpirationDate>
      </InsurancePolicy>
    </IndividualRequest>
    <IndividualRequest>
      <Applicant>
        <PersonSSNIdentification>010668703</PersonSSNIdentification>
        <PersonName>
          <PersonGivenName>BARBIE</PersonGivenName>
          <PersonMiddleName>B</PersonMiddleName>
          <PersonSurName>BROWN</PersonSurName>
        </PersonName>
        <PersonBirthDate>
          <Date>1950-05-14</Date>
        </PersonBirthDate>
        <PersonSexCode>M</PersonSexCode>
      </Applicant>
      <InsurancePolicy>
        <InsurancePolicyEffectiveDate>2021-01-01</InsurancePolicyEffectiveDate>
        <InsurancePolicyExpirationDate>2021-12-31</InsurancePolicyExpirationDate>
      </InsurancePolicy>
    </IndividualRequest>
    <IndividualRequest>
      <Applicant>
        <PersonSSNIdentification>367182506</PersonSSNIdentification>
        <PersonName>
          <PersonGivenName>CHRIS</PersonGivenName>
          <PersonSurName>HOPE</PersonSurName>
        </PersonName>
        <PersonBirthDate>
          <Date>1991-07-08</Date>
        </PersonBirthDate>
        <PersonSexCode>M</PersonSexCode>
      </Applicant>
      <InsurancePolicy>
        <InsurancePolicyEffectiveDate>2021-01-01</InsurancePolicyEffectiveDate>
        <InsurancePolicyExpirationDate>2021-12-31</InsurancePolicyExpirationDate>
      </InsurancePolicy>
    </IndividualRequest>
    <IndividualRequest>
      <Applicant>
        <PersonSSNIdentification>018406808</PersonSSNIdentification>
        <PersonName>
          <PersonGivenName>BESS</PersonGivenName>
          <PersonMiddleName>MARGITE</PersonMiddleName>
          <PersonSurName>EL TORO</PersonSurName>
        </PersonName>
        <PersonBirthDate>
          <Date>1994-01-25</Date>
        </PersonBirthDate>
        <PersonSexCode>M</PersonSexCode>
      </Applicant>
      <InsurancePolicy>
        <InsurancePolicyEffectiveDate>2021-01-01</InsurancePolicyEffectiveDate>
        <InsurancePolicyExpirationDate>2021-12-31</InsurancePolicyExpirationDate>
      </InsurancePolicy>
    </IndividualRequest>
    <IndividualRequest>
      <Applicant>
        <PersonSSNIdentification>078668805</PersonSSNIdentification>
        <PersonName>
          <PersonGivenName>HELEN</PersonGivenName>
          <PersonSurName>DECOSTA</PersonSurName>
        </PersonName>
        <PersonBirthDate>
          <Date>1980-02-09</Date>
        </PersonBirthDate>
        <PersonSexCode>M</PersonSexCode>
      </Applicant>
      <InsurancePolicy>
        <InsurancePolicyEffectiveDate>2021-01-01</InsurancePolicyEffectiveDate>
        <InsurancePolicyExpirationDate>2021-12-31</InsurancePolicyExpirationDate>
      </InsurancePolicy>
    </IndividualRequest>
    <IndividualRequest>
      <Applicant>
        <PersonSSNIdentification>321948606</PersonSSNIdentification>
        <PersonName>
          <PersonGivenName>DOUGLAS</PersonGivenName>
          <PersonMiddleName>SON</PersonMiddleName>
          <PersonSurName>OFAGUN</PersonSurName>
        </PersonName>
        <PersonBirthDate>
          <Date>1950-04-17</Date>
        </PersonBirthDate>
        <PersonSexCode>M</PersonSexCode>
      </Applicant>
      <InsurancePolicy>
        <InsurancePolicyEffectiveDate>2021-01-01</InsurancePolicyEffectiveDate>
        <InsurancePolicyExpirationDate>2021-12-31</InsurancePolicyExpirationDate>
      </InsurancePolicy>
    </IndividualRequest>
    <IndividualRequest>
      <Applicant>
        <PersonSSNIdentification>004608407</PersonSSNIdentification>
        <PersonName>
          <PersonGivenName>MARY</PersonGivenName>
          <PersonMiddleName>WHAT</PersonMiddleName>
          <PersonSurName>CHADOIN</PersonSurName>
        </PersonName>
        <PersonBirthDate>
          <Date>1950-05-14</Date>
        </PersonBirthDate>
        <PersonSexCode>M</PersonSexCode>
      </Applicant>
      <InsurancePolicy>
        <InsurancePolicyEffectiveDate>2021-01-01</InsurancePolicyEffectiveDate>
        <InsurancePolicyExpirationDate>2021-12-31</InsurancePolicyExpirationDate>
      </InsurancePolicy>
    </IndividualRequest>
    <IndividualRequest>
      <Applicant>
        <PersonSSNIdentification>220164605</PersonSSNIdentification>
        <PersonName>
          <PersonGivenName>MONIQUE</PersonGivenName>
          <PersonMiddleName>CURLY</PersonMiddleName>
          <PersonSurName>LACET</PersonSurName>
        </PersonName>
        <PersonBirthDate>
          <Date>1943-04-10</Date>
        </PersonBirthDate>
        <PersonSexCode>M</PersonSexCode>
      </Applicant>
      <InsurancePolicy>
        <InsurancePolicyEffectiveDate>2021-01-01</InsurancePolicyEffectiveDate>
        <InsurancePolicyExpirationDate>2021-12-31</InsurancePolicyExpirationDate>
      </InsurancePolicy>
    </IndividualRequest>
    <IndividualRequest>
      <Applicant>
        <PersonSSNIdentification>295682407</PersonSSNIdentification>
        <PersonName>
          <PersonGivenName>MATILDA</PersonGivenName>
          <PersonMiddleName>B</PersonMiddleName>
          <PersonSurName>BOTTOM</PersonSurName>
        </PersonName>
        <PersonBirthDate>
          <Date>1950-04-17</Date>
        </PersonBirthDate>
        <PersonSexCode>M</PersonSexCode>
      </Applicant>
      <InsurancePolicy>
        <InsurancePolicyEffectiveDate>2021-01-01</InsurancePolicyEffectiveDate>
        <InsurancePolicyExpirationDate>2021-12-31</InsurancePolicyExpirationDate>
      </InsurancePolicy>
    </IndividualRequest>
  </IndividualRequests>
</EESDSHBatchRequestData>
